{"cameraMode":{"drawMode":0,"name":"Shaded","section":"Shading Mode"},"sceneLighting":true,"audioPlay":false,"sceneViewState":{"m_AlwaysRefresh":false,"showFog":true,"showSkybox":true,"showFlares":true,"showImageEffects":true,"showParticleSystems":true,"showVisualEffectGraphs":true,"m_FxEnabled":true},"in2DMode":false,"pivot":{"x":-0.25666770339012148,"y":0.7566609978675842,"z":-0.05133485421538353},"rotation":{"x":-0.10362089425325394,"y":-0.008358790539205075,"z":0.0008753557922318578,"w":-0.9945930242538452},"size":4.738068103790283,"orthographic":true}